price,label,company_name
980,企业公司品牌logo设计图文标志商标卡通字体vi,匠派品牌
1998,国际企业品牌纯英文字体logo设计商标志高端定制,瀚懿创新创意集团
499,【15年店】logo设计公司品牌标志商标vi,变革品牌设计-15年实体公司
399,图文字体英文公司标志企业品牌商标,匠二设计
1280,公司企业品牌识别卡通logo设计商标vilogo设计光荣文创,光荣网络光荣文创
599,餐饮教育公司店铺旅游医疗英文公司标志,王家店小二&取名logo包装vi画册
788,标志原创珠宝美容餐饮酒店服装游戏超市,九色鹿品牌设计
799,超级符号企业标志品牌商标餐饮公司logo设计字体,九界品牌设计策划
899,【首席logo设计师】商标logo设计店铺店名科技餐饮,变革品牌设计-15年实体公司
988,品牌商标logo设计标志图文vi企业卡通,狮动策划设计-诚信15年店
599,图文字体公司标志图标企业品牌商标,王家店小二&取名logo包装vi画册
1488,原创酒店餐饮教育酒吧游戏服装标志,九色鹿品牌设计
899,品牌logo设计商标VI科技公司企业注册餐饮卡通,森渡品牌全案设计
100,补差价专用链接,匠二设计
1688,睛灵品牌高端品牌logo设计确保雇主满意,睛灵品牌定制丨创始于2009
999,公司标志字体卡通logo设计品牌商标,大豌豆芽设计公司
2000,匠派品牌定制logo设计商标logo设计原创标志VI视觉图标,匠派品牌
598,电商网店英文计划书logo设计品牌营销策划美工,睛灵品牌定制丨创始于2009
488,品牌商标logo设计图标卡通字体标志公司英文徽标,登客品牌设计_众多名企选择
988,智能智造公司产品牌单位企业标志商标,狮动策划设计-诚信15年店
899,品牌logo设计商标VI科技公司企业注册餐饮卡通,森渡品牌全案设计
100,品牌logo设计原创科技企业VI商标餐饮卡通注册,时一设计事务所
3500,商标logo设计标志公司图文企业餐饮卡通logo设计IP,大豌豆芽设计公司
2000,企业公司高端logo设计品牌商标志VIlogo设计全案,时一设计事务所
999,公司logo设计餐饮学校科技IT卡通标志产品商标,必行设计有限公司
2998,科技服饰教育酒店餐饮民宿酒吧烤肉企业,瀚懿创新创意集团
398,科技公司企业品牌日化工业餐饮logo设计商标志,思迈品牌设计
799,公司企业logo设计图文字体标志商标图标英文VI,锐朗设计™
1999,总监logo设计制造业公司农业房地产**餐饮教育,登客品牌设计_众多名企选择
398,公司商标品牌科技标志字体餐饮,思迈品牌设计
980,公司企业品牌logo设计标志图标产品商标vi定制,风正扬品牌设计
999,品牌商标logo设计标志图文vi企业卡通,至简品牌设计-10年实体公司
698,企业公司VI卡通logo设计图文图标志商标识字体,沃斯品牌
999,企业公司品牌logo设计图文标志商标卡通字体门头,泽楷品牌全案机构
598,观点logo设计VI公司品牌标志字体图文商标标识,观点品牌全案设计
1288,企业公司品牌卡通logo设计图文图标志商标识字体,点睛设计点睛中国
300,公司logo设计匠心,锋鸣品牌
398,标志卡通食品酒店餐饮IP形象公司企业,胜已电商策略设计机构
2000,上海企业标志公司中英文字体卡通商标,因心inheart-上海因心企业形象策划有限公司
299,众视佳企业logo设计公司logo设计标志品牌商标,众视佳品牌视觉设计
598,企业公司品牌logo设计图文标志商标卡通字体vi,视宇品牌设计
998,公司企业标志字体图形商标logo设计品牌卡通,顽拳创意
299,标志logo设计企业公司商标,科艺奇旗舰店-品牌设计电商美工
599,公司标志商标品牌logo设计字体企业卡通,博采广告品牌logo包装海报
999,企业公司品牌logo设计图文标志商标卡通字体vi,至简品牌设计-10年实体公司
899,企业公司品牌logo设计图文标志商标卡通VI,那束光设计
599,品牌logo设计科技企业VI商标标识注册餐饮卡通,细节品牌全案设计-一线团队
698,中英文原创图标企业品牌商标logo设计制作,沃斯品牌
3500,【上海实体】【初创套餐】商标logo设计+二折页+基础VI,大络设计
599,品牌logo设计企业VI原创科技商标餐饮卡通注册,细节品牌全案设计-一线团队
1288,中英文logo设计艺术字体卡通原创商标识logo设计定制,点睛设计点睛中国
100,可副总注操刀企业品牌册标志监商标,君令品牌创意
1500,机械学校工业制造仪表仪器弱电线缆标志,必行设计有限公司
500,专属定制,锋鸣品牌
600,中英文原创图标企业品牌商标logo设计LOG,大榕树品牌营销策划（深圳）有限公司
2399,公司品牌logo设计商标logo设计企业原创标志动态,然也
8999,汽车科技教育logo设计游戏影视电商文创商标,然也
2500,企业公司品牌logo设计商标标志品牌图标logo设计外包logo设计师,轻妙视觉
299,标志企业公司logo设计标志商标,众视佳品牌视觉设计
